DESCRIPCION,PIEZAS SOLICITADAS
CLONIXINATO,4
BUMETANIDA,1
ONDANSENTRON,10
ONDANSETRON,10
PARACETAMOL,10
PREDNISONA,2
GLUCOSA,10
BUTILHIOSCINA,15
KETOROLACO,10
OMEPRAZOL,5
TRAMADOL,10
METOCLOPRAMIDA,10
MULTIVITAMINICO,5
HIDROCORTISONA,10
NIFEDIPINO,10
DOXICICLINA,2
MEROPENEM,3
AMPICILINA,16
CEFTAZIDIMA,6
AMIKACINA,2
LIDOCAINA/EPINEFRINA,2
PARACETAMOL,6
INSULINA,2
KETOROLACO,20
INSULINA,1
LINEZOLID,2
MISOPROSTOL,4
AMFOTERICINA,1
PROPOFOL,3
AMOXICILINA/CLAVULATO,1
LINEZOLID,1
CLARITROMICINA,1
ATORVASTATINA,2
AMOXICILINA/CLAVULATO,3
SENOSIDOS,2
CEFEPIME,8
ERTAPENEM,1
CIPROFLOXACINO,6
CIPROFLOXACINO,3
TRIMETOPRIM/SULFAMETOXAZOL,6
ASCORBICO,3
CLORURO,2
LEVOFLOXACINA,1
ITRACONAZOL,4
PREDNISONA,1
NOREPINEFRINA,10
VANCOMICINA,4
VANCOMICINA,6
CASPOFUNGINA,1
OMEPRAZOL,2
LEVOTIROXINA,1
HIDROCORTISONA,4
MULTIVITAMINICO,2
CLORURO,5
AMIODARONA,6
DIGOXINA,1
FUROSEMIDA,2
PARACETAMOL,3
CEFEPIME,4
METRONIDAZOL,3
MULTIVITAMINICO,1
METILPREDNISOLONA,2
MEROPENEM,2
AMOXICILINA/CLAVULATO,4
LEVETIRACETAM,4
OMEPRAZOL,1
CARBAMAZEPINA,6
VALPROICO,4
RISPERIDONA,2
CLORURO,4
ISONIACIDA,4
TRAMADOL,3
LEVETIRACETAM,8
FLUCONAZOL,2
TIGECICLINA,2
CLARITROMICINA,2
AMOXICILINA/CLAVULANATO,0
ISONIAZIDA/RIFAMPICINA,0
CEFALOTINA,12
CEFTAZIDIMA,4
SERTRALINA,1
CAPTOPRIL,2
LACTATO,6
BIPERIDENO,2
GABAPENTINA,3
DEXAMETASONA,2
FENITOINA,3
NIFEDIPINO,3
TRAMADOL,2
KETOROLACO,3
TRAMADOL,4
METRONIDAZOL,0
CAPTOPRIL,1
NIFEDIPINO,1
PARACETAMOL,20
CAPTOPRIL,20
OMEPRAZOL,20
KETOPROPOFENO,20
BUTILHIOSCINA,20
OMEPRAZOL,10
GLUCOSA,15
FOLICO,5
PREDNISONA,4
HEPARINA,5
HEPARINA,4
KETOROLACO,25
PARACETAMOL,65
TRAMADOL,25
OMEPRAZOL,25
BUMETANIDA,8
MULTIVITAMINICO,10
CAPTOPRIL,10
CLONIXINATO,8
CLONIXINATO,15
ONDANSETRON,20
METOCLOPRAMIDA,20
HIDROCORTISONA,5
SENOSIDOS,12
GABAPENTINA,10
VECURONIO,2
PARACETAMOL,15
BUMETANIDA,25
GLUCONATO,10
LIDOCAINA,1
CAPTOPRIL,4
FLUCONAZOL,5
CEFTRIAXONA,2
CLINDAMICINA,8
PARACETAMOL,4
DEXAMETASONA,3
NIFEDIPINO,2
CEFTRIAXONA,1
CLINDAMICINA,3
TERLIPRESINA,10
METOCLOPRAMIDA,3
CEFALOTINA,1
CIPROFLOXACINO,2
METRONIDAZOL,1
MISOPROSTOL,8
CLARITROMICINA,4
TERLIPRESINA,8
CEFALOTINA,4
LINEZOLID,3
KETOPROPOFENO,3
CLINDAMICINA,4
CEFOTAXIMA,3
AMPICILINA,2
CEFTRIAXONA,4
VANCOMICINA,8
ACICLOVIR,9
COLCHICINA,2
NISTATINA,1
FLUCONAZOL,8
GABAPENTINA,1
ONDANSETRON,3
ATORVASTATINA,4
SENOSIDOS,4
ITRACONAZOL,6
BUMETANIDA,6
ALOPURINOL,1
SUCRALFATO,3
AMFOTERICINA,2
TRIMETOPRIMA/SULFAMETOXAZOL,4
FLUCONAZOL,4
FUROSEMIDA,4
METOPROLOL,1
CEFALOTINA,10
CAPTOPRIL,3
GABAPENTINA,6
ASCORBICO,6
NOREPINEFRINA,8
CEFEPIME,2
CEFTAZIDIMA,2
VASOPRESINA,6
HIDROCORTISONA,2
ROCURONIO,4
FITOMENADIONA,2
CARBAMAZEPINA,4
ETAMBUTOL,3
ITRACONAZOL,2
ERTAPENEM,4
DIGOXINA,2
SENOSIDOS,20
TRAMADOL,20
CLONIXINATO,20
CLORFENAMINA,20
ACETILSALICILICO,6
AMIODARONA,8
CLORURO,17
DEXAMETASONA,6
FOSFATO,30
GLUCOSA,6
HIDROCORTISONA,7
OMEPRAZOL,13
PROPOFOL,2
OXITOCINA,10
BETAMETASONA,0
MISOPROSTOL,20
FUROSEMIDA,10
SULFATO,20
CLORURO,20
FITOMENADIONA,20
KETOROLACO,30
TRAMADOL,15
DEXAMETASONA,15
METOCLOPRAMIDA,30
MISOPROSTOL,10
AMIODARONA,3
VECURONIO,3
NITROPRUSIATO,1
VASOPRESINA,2
HALOPERIDOL,6
CLONAZEPAM,1
BUPRENORFINA,6
BICARBONATO,4
PARACETAMOL,0
ESMOLOL,0
DOBUTAMINA,1
TERLIPRESINA,5
BUMETANIDA,4
ASCORBICO,4
CLONIXINATO,3
CEFTAZIDIMA,3
FUROSEMIDA,3
PROPRANOLOL,2
HEPARINA,1
VANCOMICINA,2
CASPOFUNGINA,2
ESPIRONOLACTONA,2
PROPRANOLOL,1
AMPICILINA,12
CEFEPIME,6
VANCOMICINA,1
ISONIAZIDA/RIFAMPICINA,4
DEXAMETASONA,10
BUMETANIDA,20
FUROSEMIDA,15
KETOROLACO,12
FOSFATO,15
ROCURONIO,30
CLORURO,10
PARACETAMOL,2
DEXAMETASONA,5
BUTILHIOSCINA,10
FUROSEMIDA,5
INSULINA,3
INSULINA,5
SALBUTAMOL,10
PREDNISONA,6
LEVETIRACETAM,6
FENITOINA,2
CEFTRIAXONA,3
CIPROFLOXACINO,0
METRONIDAZOL,4
OMEPRAZOL,4
BICARBONATO,6
LEVOTIROXINA,2
HIDROCORTISONA,1
AMIODARONA,4
NOREPINEFRINA,16
ACETILSALICILICO,1
CARBAMAZEPINA,2
AMPICILINA,14
CEFALEXINA,4
VALPROICO,6
ENOXAPARINA,1
DOBUTAMINA,2
ENOXAPARINA,2
AMIODARONA,10
MULTIVITAMINICO,12
RISPERIDONA,3
DILTIAZEM,20
NIFEDIPINO,20
FENITOINA,20
PARACETAMOL,12
HIDROCORTISONA,0
METAMIZOL,5
PROPRANOLOL,5
FOSFATO,1
PROPOFOL,8
BUDESONIDA,200
SALBUTAMOL/BROMURO,200
FITOMENADIONA,1
LACTATO,3
ONDANSENTRON,2
OCTREOTIDA,1
BUMETANIDA,2
CARBAMAZEPINA,1
DOXICICLINA,4
TRIMETOPRIM/SULFAMETOXAZOL,2
ISONIACIDA,2
FLUCONAZOL,12
TRIMETOPRIM/SULFAMETOXAZOL,4
PARACETAMOL,7
OMEPRAZOL,15
ASCORBICO,10
SULFATO,30
ROCURONIO,12
PROPOFOL,0
VASOPRESINA,4
LIDOCAINA,2
GLUCONATO,50
SULFATO,50
NITROPRUSIATO,2
FENITOINA,5
TRAMADOL,5
OXIMETAZOLINA,1
NISTATINA,2
DOBUTAMINA,3
AMIKACINA,1
CEFALOTINA,2
TOBRAMICINA,2
CEFOTAXIMA,8
TRAMADOL,50
ONDANSETRON,50
OXITOCINA,50
SERTRALINA,2
PREGABALINA,0
METRONIDAZOL,2
LEVETIRACETAM,0
SERO,4
ONDANSENTRON,3
ACICLOVIR,2
ONDANSENTRON,5
PARACETAMOL,5
CEFTAROLINA,3
DAPTOMICINA,2
CEFOTAXIMA,2
NOREPINEFRINA,5
VASOPRESINA,5
ROCURONIO,5
TERLIPRESINA,11
NIFEDIPINO,4
AMOXICILINA/CLAVULATO,8
FOLICO,1
VALPROICO,3
CLARITROMICINA,3
ONDANSENTRON,20
MULTIVITAMINICO,3
ATORVASTATINA,16
VALPROICO,1
PARACETAMOL,60
ONDANSENTRON,6
ASCORBICO,12
TRAMADOL,1
METILPREDNISOLONA,1
ENOXAPARINA,4
FUROSEMIDA,6
ROCURONIO,20
ESPIRONOLACTONA,1
ERTAPENEM,2
METOPROLOL,2
LEVOTIROXINA,3
CLONIXINATO,6
FOLICO,3
GABAPENTINA,5
VANCOMICINA,3
METRONIDAZOL,5
SUCRALFATO,4
VALPROICO,2
PARACETAMOL,8
HEPARINA,2
TERLIPRESINA,6
ONDANSETRON,5
OMEPRAZOL,6
CLONIXINATO,10
HEPARINA,3
INMUNOGLOBULINA,3
LEVETIRACETAM,1
LINEZOLID,4
CEFALOTINA,8
CLINDAMICINA,2
LEVOSIMENDAN,2
METOCLOPRAMIDA,2
METAMIZOL,9
BICARBONATO,50
LORAZEPAM,40
MIDAZOLAM,10
AMPICILINA,4
EPINEFRINA,15
TERLIPRESINA,2
PIPERACILINA/TAZOBACTAM,1
FENITOINA,4
TERLIPRESINA,12
CLOPIDOGREL,1
TRAMADOL,0
LEVOSIMENDAN,1
NITROFURANTOINA,4
NOREPINEFRINA,7
PROPOFOL,6
GLUCONATO,4
VALPROICO,0
CEFTAZIDIMA,5
ACICLOVIR,12
ASCORBICO,1
CEFOTAXIMA,12
MOXIFLOXACINO,1
LEVOSIMENDAN,6
ERITROPOYETINA,1
PIPERACILINA/TAZOBACTAM,4
CARBAMAZEPINA,3
AMOXICILINA/CLAVULATO,6
AMPICILINA,20
CIPROFLOXACINO,14
PROPRANOLOL,4
MEROPENEM,4
ROCURONIO,10
TRAMADOL,6
NOREPINEFRINA,50
CLORURO,50
FOSFATO,25
NOREPINEFRINA,25
FUROSEMIDA,20
DOBUTAMINA,4
PROPOFOL,5
PARACETAMOL,50
EPINEFRINA,20
GLUCOSA,20
NOREPINEFRINA,15
HIDROCORTISONA,30
OMEPRAZOL,0
INDOMETACINA,10
LIDOCAINA/EPINEFRINA,20
FUROSEMIDA,30
GLUCONATO,20
CAFEINA,20
SULFATO,100
LIDOCAINA,3
NOREPINEFRINA,20
PROPOFOL,4
CLORURO,7
CAPTOPRIL,7
NIFEDIPINO,9
HIALURONATO,2
CAPTOPRIL,5
GLUCONATO,5
BICARBONATO,10
ATROPINA,10
GLUCOSA,2
LIDOCAINA,10
LIDOCAINA,0
METOCLOPRAMIDA,15
BUPIVACAINA,0
PROPOFOL,10
CLINDAMICINA,1
MEROPENEM,1
ACICLOVIR,7
KETOROLACO,2
VASOPRESINA,20
CIPROFLOXACINO,4
SULFATO,2
DEXAMETASONA,1
ONDANSETRON,2
FUROSEMIDA,8
FLUCONAZOL,10
CLORFENAMINA,3
LEVOSIMENDAN,5
ASCORBICO,14
CLORURO,28
GLUCOSA,4
SULFATO,23
ACETILSALICILICO,20
CLORURO,40
FENTANILO,30
BUPRENORFINA,12
CARBAMAZEPINA,0
LEVETIRACETAM,2
RISPERIDONA,1
COLCHICINA,1
CAPTOPRIL,0
FUROSEMIDA,1
GLUCOSA,5
GABAPENTINA,2
CEFALOTINA,6
CEFALOTINA,3
SUCRALFATO,1
CEFOTAXIMA,4
HIDROCORTISONA,3
SULFATO,4
SULFATO,6
SULFATO,5
ASCORBICO,2
SILDENAFIL,1
VALPROICO,12
DEXAMETASONA,100
PROPOFOL,50
SUCRALFATO,10
ESPIRONOLACTONA,10
URSODEOXICOLICO,10
ASCORBICO,11
METILPREDNISOLONA,3
TERLIPRESINA,4
CEFOTAXIMA,1
EPINEFRINA,10
GLUCOSA,3
LACTULOSA,1
CEFTRIAXONA,6
AMIKACINA,3
GENTAMICINA,2
TRIMETOPRIM/SULFAMETOXAZOL,3
CEFUROXIMA,3
CLONIXINATO,2
TRINITRATO,2
HIDROCORTISONA,8
DEXMEDETOMIDINA,12
ADENOSINA,2
NITROGLICERINA,1
LOPERAMIDA,6
SUCRALFATO,8
CAPTOPRIL,8
ASCORBICO,8
BUDESONIDA,6
OXIMETAZOLINA,50
ESMOLOL,1
NITROGLICERINA,2
ACETILSALICILICO,3
CLOPIDOGREL,4
METAMIZOL,15
HIDROCORTISONA,15
PIPERACILINA/TAZOBACTAM,2
ATORVASTATINA,1
FUROSEMIDA,0
FOSFATO,0
PROPOFOL,30
ROCURONIO,50
AMPICILINA,8
DOPAMINA,4
SERO,3
URSODEOXICOLICO,2
SULFATO,12
LINEZOLID,6
AMIKACINA,12
ERTAPENEM,5
AMIODARONA,2
TIGECICLINA,1
CEFTAROLINA,1
TERLIPRESINA,3
METOCLOPRAMIDA,4
MOXIFLOXACINO,2
ISONIAZIDA,1
ACETILSALICILICO,4
KETOROLACO/TRAMADOL,3
PARACETAMOL,1
VALPROICO,10
FENITOINA,15
CLORURO,25
DEXMEDETOMIDINA,5
SULFATO,15
ISONIACIDA,8
TIAMINA,1
SALBUTAMOL/BROMURO,250
BUPIVACAINA,15
BUTILHIOSCINA,5
ONDANSENTRON,4
PROPOFOL,9
FITOMENADIONA,3
ROCURONIO,6
PROPRANOLOL,10
OMEPRAZOL,30
FUROSEMIDA,50
PENTOXIFILINA,10
GABAPENTINA,4
SULFATO,25
FOSFATO,10
FOSFATO,20
EPINEFRINA,5
ALFA-METILDOPA,2
METIL,1
ATROPINA,50
BUPIVACAINA,20
KETOROLACO,60
AMIODARONA,20
DEXMEDETOMIDINA,20
FLUMAZENIL,1
OMEPRAZOL,3
BUTILHIOSCINA,30
BUMETANIDA,3
METOCLOPRAMIDA,25
LEVOTIROXINA,4
SULFATO,17
DEXAMETASONA,30
LIDOCAINA,5
ONDANSETRON,30
PROPOFOL,20
CEFTAROLINA,2
FLUCONAZOL,1
MULTIVITAMINICO,4
ATORVASTATINA,5
NIFEDIPINO,5
CEFOTAXIMA,6
MOXIFLOXACINO,0
SUCRALFATO,6
VECURONIO,40
NEOMICINA,10
NOREPINEFRINA,12
CLORURO,3
SULFATO,3
FOSFATO,4
SILDENAFIL,2
METAMIZOL,1
BUTILHIOSCINA,2
ATROPINA,5
CLORFENAMINA,10
GABAPENTINA,9
KETOROLACO,5
CLORURO,30
ATROPINA,3
CAPTOPRIL,6
NIFEDIPINO,6
ROCURONIO,100
TRAMADOL,100
KETAMINA,2
CEFOTAXIMA,5
MIDAZOLAM,0
VECURONIO,4
CLORANFENICOL,1
EPINEFRINA,1
ASCORBICO,20
DEXAMETASONA,20
DOXICICLINA,1
CLORURO,21
MULTIVITAMINICO,11
PARACETAMOL,48
TRAMADOL,30
TRIMETOPRIM/SULFAMETOXAZOL,0
TIGECICLINA,3
FLUCONAZOL,20
CEFEPIME,1
MEROPENEM,5
PREGABALINA,1
SUCRALFATO,2
CLARITROMICINA,0
VECURONIO,50
METILPREDNISOLONA,20
LOPERAMIDA,5
DIFENIDOL,2
CLORURO,6
VALPROICO,8
CLONAZEPAN,0
BUDESONIDA,100
DOXICICLINA,0
NEOMICINA,1
BUTILHIOSCINA,1
KETOROLACO,1
OCTREOTIDA,2
CEFALOTINA,5
AMOXICILINA/CLAVULATO,15
ESPIRONOLACTONA,5
DOXICICLINA,3
HALOPERIDOL,0
ATROPINA,1
EPINEFRINA,2
VECURONIO,1
MEROPENEM,6
TRINITRATO,1
SERO,6
PENTOXIFILINA,3
TIAMINA,3
DOPAMINA,5
NOREPINEFRINA,6
NOREPINEFRINA,2
FOSFATO,2
CEFOTAXIMA,16
AMIKACINA,5
FOSFATO,50
ESPIRONOLACTONA,3
MULTIVITAMINICO,6
CLOPIDOGREL,5
ACETILSALICILICO,5
NEOMICINA,2
NAPROXENO,2
FITOMENADIONA,5
DIFENIDOL,3
ITRACONAZOL,3
BUMETANIDA,10
AMOXICILINA/CLAVULATO,0
CLORURO,100
DEXAMETASONA,4
ROCURONIO,8
CEFOTAXIMA,10
ACENOCUMAROL,1
METAMIZOL,3
SERO,2
KETOROLACO/TRAMADOL,20
KETOROLACO,15
FOLICO,4
CLONIDINA,50
OMEPRAZOL,60
VECURONIO,10
DEXMEDETOMIDINA,10
METOCLOPRAMIDA,1
HALOPERIDOL,1
INDOMETACINA,1
BUDESONIDA,2
TIMOLOL,1
METRONIDAZOL,6
KETOPROPOFENO,0
ONDANSETRON,4
ASCORBICO,30
AMIODARONA,7
BICARBONATO,21
NOREPINEFRINA,19
AMIODARONA,5
ADENOSINA,3
BECLOMETASONA,1
ERTAPENEM,3
ATORVASTATINA,3
TRIMETOPRIMA/SULFAMETOXAZOL,6
IBUPROFENO,3
ISONIAZIDA/RIFAMPICINA,2
ITRACONAZOL,1
FLUCONAZOL,0
INMUNOGLOBULINA,6
AMOXICILINA/CLAVULANATO,12
AMOXICILINA/CLAVULATO,12
SENOSIDOS,10
MILRINONA,5
METAMIZOL,10
OMEPRAZOL,8
DOBUTAMINA,6
METILPREDNISOLONA,10
VECURONIO,20
LEVETIRACETAM,10
VECURONIO,30
KETOPROPOFENO,10
DIFENIDOL,4
ONDANSETRON,15
OXIMETAZOLINA,4
POLIMIXIMA/NEOMICINA,6
POLIMIXIMA/NEOMICINA,3
AMIKACINA,4
GENTAMICINA,3
ACETILSALICILICO,2
BICARBONATO,20
FITOMENADIONA,10
INMUNOGLOBULINA,0
LORAZEPAM,0
ISOSORBIDA,2
KETOROLACO/TRAMADOL,2
FLUOXETINA,1
FLUOXETINA,2
MIDAZOLAM,5
ONDANSETRON,1
ONDANSETRON,100
BICARBONATO,30
LEVETIRACETAM,3
MEROPENEM,0
DEXMEDETOMIDINA,4
DIFENIDOL,5
ATORVASTATINA,20
KETOROLACO,6
ATROPINA,8
SULFATO,18
LINEZOLID,7
AMIKACINA,14
ATORVASTATINA,8
LEVOTIROXINA,6
TIGECICLINA,4
INMUNOGLOBULINA,5
ISONIAZIDA,5
CEFTRIAXONA,0
METFORMINA,2
METFORMINA,3
ATORVASTATINA,6
IMIPENEM,4
LORATADINA,1
AMPICILINA,9
CASPOFUNGINA,3
CLOPIDOGREL,8
DEXMEDETOMIDINA,2
TRIMETOPRIM/SULFAMETOXAZOL,1
VANCOMICINA,0
METFORMINA,1
ISOSORBIDA,1
KETOROLACO,40
NOREPINEFRINA,13
VASOPRESINA,10
PROPOFOL,15
DIAZEPAM,6
CLONAZEPAN,30
MISOPROSTOL,1
AMPICILINA,1
AMOXICILINA/CLAVULANATO,1
AMIKACINA,16
URSODEOXICOLICO,1
SENOSIDOS,1
TRIMETOPRIMA/SULFAMETOXAZOL,2
CLORFENAMINA,1
DOXICICLINA,10
TOXINA,1
FENITOINA,1
SERO,10
NITROFURANTOINA,10
TRIMETOPRIM/SULFAMETOXAZOL,9
VALPROICO,5
PREDNISONA,5
CIPROFLOXACINO,1
LOPERAMIDA,2
LOPERAMIDA,10
ACENOCUMAROL,4
ACETAZOLAMIDA,3
CLORFENAMINA,2
ENOXAPARINA,0
AMIKACINA,6
FUROSEMIDA,26
PARACETAMOL,16
SALBUTAMOL,15
DEXAMETASONA,0
AMIKACINA,9
TRINITRATO,0
SERO,0
VANCOMICINA,5
DOXICICLINA,12
PREDNISONA,20
LIDOCAINA,20
DEXAMETASONA,50
VITAMINA,2
METOCLOPRAMIDA,6
CLORURO,15
LIDOCAINA,15
DIGOXINA,3
BUTILHIOSCINA,9
AMPICILINA,18
LOPERAMIDA,3
ACENOCUMAROL,2
CEFEPIME,3
DOXICICLINA,8
CEFTAZIDIMA,1
ELECTROLITOS,5
SUGAMMADEX,40
MULTIVITAMINAS,1
LIDOCAINA/EPINEFRINA,10
MULTIVITAMINICO,8
GLUCONATO,15
SULFATO,10
HIALURONATO,10
AMINOFILINA,6
FOSFATO,11
RANIBIZUMAB,10
DEXAMETASONA,8
HIALURONATO,0
METILPREDNISOLONA,5
CARBOXIMETILCELULOSA,5
METIL,20
ROPIVACAINA,40
BUPIVACAINA,50
CLORFENAMINA,5
FENITOINA,8
ACETILSALICILICO,10
DIGOXINA,4
PREDNISONA,3
HIDROCORTISONA,6
MOXIFLOXACINO,15
PREGABALINA,2
VASOPRESINA,8
METOCLOPRAMIDA,0
LEVETIRACETAM,5
DEXMEDETOMIDINA,6
DESMOPRESINA,1
LOPERAMIDA,4
CLORURO,8
RISPERIDONA,4
ONDANSETRON,8
CEFALOTINA,7
LACTATO,4
PARACETAMOL,30
CAPTOPRIL,15
FUROSEMIDA,25
INSULINA,4
SERTRALINA,3
LEVOTIROXINA,5
KETOPROPOFENO,5
AMIODARONA,15
AMPICILINA,11
CARBAMAZEPINA,8
ALOPURINOL,2
CEFTRIAXONA,12
GLUCONATO,6
PRAZOSINA,1
ONDANSETRON,6
HIDROCORTISONA,20
CLOPIDOGREL,10
GANCICLOVIR,2
NALBUFINA,5
ESPIRONOLACTONA,4
ERTAPENEM,0
METOPROLOL,4
CEFALOTINA,11
NAPROXENO,6
AMIODARONA,0
PENTOXIFILINA,2
ASCORBICO,13
BICARBONATO,13
CLORURO,19
FOSFATO,13
GLUCONATO,19
METOCLOPRAMIDA,19
SENOSIDOS,6
DIFENIDOL,10
FENITOINA,10
MISOPROSTOL,30
PARACETAMOL,100
OMEPRAZOL,100
METAMIZOL,100
ROPIVACAINA,100
DOPAMINA,10
CAPTOPRIL,25
CASPOFUNGINA,0
PROSTAGLANDINAS,0
AMPICILINA,24
DILTIAZEM,4
ONDANSENTRON,9
PRAZOSINA,6
TOBRAMICINA,1
RISPERIDONA,10
CEFTAZIDIMA,12
BUMETANIDA,5
VECURONIO,15
ATORVASTATINA,15
GLUCOSA,12
VALPROICO,15
DILTIAZEM,2
HIPROMELOSA,1
GLUCONATO,3
ACETAZOLAMIDA,2
PARACETAMOL,24
KETOROLACO,18
METOCLOPRAMIDA,5
HALOPERIDOL,14
HIDROCORTISONA,11
NOREPINEFRINA,35
CARBAMAZEPINA,12
BUMETANIDA,12
PENTOXIFILINA,0
CARBAMAZEPINA,10
PRAZOSINA,3
TRIMETOPRIMA/SULFAMETOXAZOL,8
ELECTROLITOS,2
LACTATO,2
TRIMETOPRIMA/SULFAMETOXAZOL,18
CEFALEXINA,6
EPINEFRINA,3
ATROPINA,4
AMPICILINA,32
DEXMEDETOMIDINA,40
PARACETAMOL,72
METRONIDAZOL,20
LOPERAMIDA,15
ASCORBICO,15
DEXMEDETOMIDINA,3
ATORVASTATINA,10
GLUCONATO,2
FENITOINA,6
KETOROLACO/TRAMADOL,0
AMOXICILINA/CLAVULANATO,3
ERITROPOYETINA,0
BICARBONATO,1
BICARBONATO,35
CLORURO,1
IPRATROPIO,5
BETAMETASONA,10
SULFADIAZINA,4
DEXMEDETOMIDINA,15
NOREPINEFRINA,30
SULFADIAZINA,1
VITAMINA,1
TRIMETOPRIMA/SULFAMETOXAZOL,3
DICLOXACILINA,0
LIDOCAINA,30
DESFLURANO,20
MISOPROSTOL,0
GLUCOSA,1
KETOROLACO/TRAMADOL,10
LIDOCAINA/EPINEFRINA,12
ONDANSENTRON,8
BENCILPENICILINA,4
BUDESONIDA,3
CEFALEXINA,2
MISOPROSTOL,5
ISOSORBIDA,5
SERO,1
PRAZOSINA,4
BUTILHIOSCINA,3
LACTULOSA,2
CLONAZEPAM,2
GLUCOSA,30
FITOMENADIONA,15
ADENOSINA,5
ESMOLOL,2
METAMIZOL,50
BUTILHIOSCINA,50
CISATRACURIO,50
BUTILHIOSCINA,13
KETOROLACO,13
ONDANSENTRON,12
METOCLOPRAMIDA,12
ACENOCUMAROL,10
PRAZOSINA,8
ONDANSENTRON,1
LINEZOLID,0
METOCLOPRAMIDA,35
CLONIXINATO,25
PARACETAMOL,25
NIFEDIPINO,8
METOPROLOL,10
CLOPIDOGREL,2
ERITROMICINA,2
METOPROLOL,3
DESMOPRESINA,2
CARBAMAZEPINA,9
VANCOMICINA,16
VALPROICO,18
CIPROFLOXACINO,8
TRIMETOPRIMA/SULFAMETOXAZOL,1
OXITOCINA,100
METAMIZOL,4
PARACETAMOL,52
ONDANSETRON,0
LIDOCAINA/EPINEFRINA,5
TIAMINA,4
EPINEFRINA,7
AMFOTERICINA,3
NITROGLICERINA,6
VASOPRESINA,3
ROCURONIO,2
LEVETIRACETAM,12
FLUCONAZOL,11
TRIMETOPRIMA/SULFAMETOXAZOL,0
TRIMETOPRIMA/SULFAMETOXAZOL,20
DEXMEDETOMIDINA,1
ALFA-METILDOPA,5
NITROPRUSIATO,0
BIPERIDENO,3
NITROGLICERINA,3
FOLICO,2
PROPOFOL,1
INMUNOGLOBULINA,8
LEVOTIROXINA,20
BUPIVACAINA,10
METAMIZOL,20
ADENOSINA,10
DEXMEDETOMIDINA,8
BETAMETASONA,3
BETAMETASONA,1
HALOPERIDOL,3
FITOMENADIONA,6
PARACETAMOL,40
ROPIVACAINA,50
GLUCONATO,13
METILPREDNISOLONA,4
SULFATO,27
NEOMICINA,4
NEOMICINA,8
TOPIRAMATO,8
ONDANSETRON,18
ATROPINA,100
BUTILHIOSCINA,100
AMIKACINA,0
BICARBONATO,100
TOPIRAMATO,0
INMUNOGLOBULINA,9
PAROXETINA,1
TERLIPRESINA,1
HIDRALAZINA,5
HALOPERIDOL,5
OXIMETAZOLINA,5
GLUCONATO,30
VALPROICO,9
NEOMICINA,25
VALPROICO,60
TIAMINA,2
AMINOCAPROICO,10
LIDOCAINA,4
NIFEDIPINO,15
ONDANSENTRON,15
AMBROXOL,1
OMEPRAZOL,12
OMEPRAZOL,50
DESMOPRESINA,10
CLONIDINA,20
DIFENIDOL,1
AMIODARONA,1
ASCORBICO,5
ACETAZOLAMIDA,1
TIAMINA,5
SALBUTAMOL,20
CLORFENAMINA,50
FOSFATO,5
PRAZOSINA,5
PROPRANOLOL,3
TOPIRAMATO,12
KETOROLACO,4
NEOMICINA,3
NEOMICINA,20
CASPOFUNGINA,4
TRIMETOPRIM/SULFAMETOXAZOL,5
CEFEPIME,5
LOPERAMIDA,8
URSODEOXICOLICO,3
ACETILCISTEINA,6
EFEDRINA,0
INDOMETACINA,20
METOCLOPRAMIDA,18
OMEPRAZOL,11
HIALURONATO,4
SERO,8
PREDNISONA,10
SERTRALINA,5
FOSFATO,3
POLIMIXIMA/NEOMICINA,5
MOXIFLOXACINO,10
ACICLOVIR,6
IMIPENEM,3
ACETILSALICILICO,8
PRAZOSINA,12
LACTATO,1
ETOMIDATO,10
AZUL,5
TROPICAMIDA/FENILEFRINA,15
CARBOXIMETILCELULOSA,10
SALBUTAMOL/BROMURO,300
BUDESONIDA,150
IPRATROPIO,2
KETOROLACO,100
SALBUTAMOL,1
PRAZOSINA,2
CEFTAZIDIMA,8
PENTOXIFILINA,1
FUROSEMIDA,12
NITROGLICERINA,4
ATROPINA,2
PARACETAMOL,55
FITOMENADIONA,25
LOPERAMIDA,20
INMUNOGLOBULINA,1
HALOPERIDOL,2
FLUCONAZOL,3
HIDROCORTISONA,13
NOREPINEFRINA,3
ACICLOVIR,4
PARACETAMOL,45
GLUCONATO,1
NITROGLICERINA,0
SERTRALINA,10
IMIPENEM,1
AMFOTERICINA,0
CLORFENAMINA,0
NEOMICINA,5
NEOMICINA,18
AMPICILINA,10
ACICLOVIR,0
NEOMICINA,0
BICARBONATO,3
HEPARINA,0
KETOROLACO,21
BUTILHIOSCINA,21
KETOROLACO/TRAMADOL,6
URSODEOXICOLICO,20
ASCORBICO,100
GLUCONATO,100
NEOSTIGMINA,100
CISATRACURIO,100
DESFLURANO,50
SUFENTANILO,30
AMFOTERICINA,4
AMPICILINA,3
BETAMETASONA,8
POLIMIXIMA/NEOMICINA,0
BECLOMETASONA,6
DOBUTAMINA,5
DOPAMINA,6
VITAMINA,3
BICARBONATO,5
PREGABALINA,4
INDOMETACINA,3
METILPREDNISOLONA,6
EPINEFRINA,50
BUTILHIOSCINA,4
NEOMICINA,16
FLUOXETINA,3
OXIMETAZOLINA,6
LIDOCAINA/EPINEFRINA,15
SERO,5
BENCILPENICILINA,2
FENTANILO,0
CLOPIDOGREL,15
PRAZOSINA,20
DOPAMINA,1
HALOPERIDOL,4
ONDANSETRON,9
KETOROLACO,9
EPINEFRINA,4
BICARBONATO,200
AMFOTERICINA,5
PROPOFOL,40
BECLOMETASONA,30
MULTIVITAMINAS,0
AMPICILINA,15
BICARBONATO,18
GLUCOSA,8
MULTIVITAMINICO,13
NOREPINEFRINA,24
GLUCOSA,25
ERGONOVINA,50
ANIDULAFUNGINA,2
SALBUTAMOL/BROMURO,150
EPINEFRINA,8
TERLIPRESINA,15
HIDRALAZINA,6
GLUCONATO,25
AMPICILINA,21
ESMOLOL,3
ANIDULAFUNGINA,0
SUCRALFATO,5
CEFALEXINA,3
METAMIZOL,2
FLUCONAZOL,9
DOXICICLINA,15
OMEPRAZOL,14
PARACETAMOL,66
ONDANSETRON,25
KETAMINA,1
LIDOCAINA,50
BUPIVACAINA,100
LEVOTIROXINA,10
SILDENAFIL,4
CLINDAMICINA,6
METFORMINA,5
ADENOSINA,12
TOXINA,2
BICARBONATO,2
ACETAZOLAMIDA,4
MOXIFLOXACINO,20
CLINDAMICINA,0
ACETILCISTEINA,1
GANCICLOVIR,1
BICARBONATO,25
EPINEFRINA,9
AMPICILINA,5
BUMETANIDA,7
MOSAPRIDA,3
SERO,7
CARBETOCINA,0
ATOSIBAN,6
PARACETAMOL,11
FENTANILO,6
PREGABALINA,28
EPINEFRINA,11
CLORURO,18
FENITOINA,9
FUROSEMIDA,22
METAMIZOL,17
SULFATO,21
SALBUTAMOL,2
AMBROXOL,20
SILDENAFIL,16
INDOMETACINA,2
FIBRINOGENO,2
CIPROFLOXACINO,5
PROGESTERONA,2
AMPICILINA,6
SILDENAFIL,5
KETOPROPOFENO,15
DILTIAZEM,10
LIDOCAINA,40
BICARBONATO,14
METOPROLOL,5
CARBOXIMETILCELULOSA,2
ATOSIBAN,4
DEXAMETASONA,25
BETAMETASONA,15
RIFAMPICINA,2
SILDENAFIL,8
KETOPROPOFENO,2
ALOPURINOL,3
LEVETIRACETAM,7
ASCORBICO,21
FOLICO,17
DOPAMINA,2
NALBUFINA,10
GENTAMICINA,1
NIFEDIPINO,30
ROCURONIO,18
CLONIXINATO,5
ONDANSENTRON,30
GABAPENTINA,7
CLINDAMICINA,9
PROGESTERONA,3
HEPARINA,6
ERITROMICINA,4
KETOROLACO/TRAMADOL,15
IBUPROFENO,0
OMEPRAZOL,35
AMIODARONA,12
MISOPROSTOL,3
GENTAMICINA,0
SENOSIDOS,3
ERITROMICINA,3
AMITRIPTILINA,0
MULTIVITAMINAS,2
SENOSIDOS,5
BUTILHIOSCINA,6
ONDANSETRON,40
EPINEFRINA,40
LIDOCAINA,6
ERGOTAMINA/CAFEINA,0
SILDENAFIL,20
AMIODARONA,14
FUROSEMIDA,48
PROPOFOL,100
KETOROLACO,120
CLONIXINATO,100
RIFAMPICINA,3
INMUNOGLOBULINA,12
NEOSTIGMINA,4
NIFEDIPINO,0
CEFALOTINA,0
FENITOINA,0
LIDOCAINA/EPINEFRINA,0
SULFATO,11
ONDANSETRON,120
BUPIVACAINA,5
BUPIVACAINA,3
LIDOCAINA,12
VASOPRESINA,50
SALBUTAMOL/BROMURO,10
OXIMETAZOLINA,2
ATOSIBAN,5
ATOSIBAN,0
RIFAMPICINA,1
HEPARINA,7
FENTANILO,12
MULTIVITAMINAS,4
AMIODARONA,19
DIGOXINA,6
FOSFATO,21
ONDANSETRON,7
VORICONAZOL,0
CEFALOTINA,14
VORICONAZOL,4
INMUNOGLOBULINA,2
EPINEFRINA,6
CARBETOCINA,4
CLINDAMICINA,5
BICARBONATO,12
HIPROMELOSA,0
TETRACAINA,30
POLIMIXINA/NEOMICINA/BACITRACINA,0
TROPICAMIDA/FENILEFRINA,30
MOSAPRIDA,2
BUPRENORFINA,0
MOSAPRIDA,6
VORICONAZOL,2
AMIODARONA,9
GLUCONATO,11
ROCURONIO,0
AMINOFILINA,4
FITOMENADIONA,30
DESFLURANO,25
PROGESTERONA,6
SUGAMMADEX,20
OXIMETAZOLINA,7
METILPREDNISOLONA,7
FOLICO,10
EMTRICITABINA,30
VITAMINA,5
FLUCONAZOL,40
ACICLOVIR,3
RIFAMPICINA,4
NAPROXENO,4
AMPICILINA,28
ASCORBICO,9
ASCORBICO,19
PARACETAMOL,42
BICARBONATO,40
ACICLOVIR,10
AMIODARONA,18
NOREPINEFRINA,40
ACICLOVIR,1
ATORVASTATINA,40
TRAMADOL,9
AMIODARONA,30
GLUCOSA,50
BETAMETASONA,4
ESTREPTOQUINASA,1
OCTREOTIDA,3
AMBROXOL,10
SULFATO,0
LIDOCAINA,100
LIDOCAINA/EPINEFRINA,43
ACETILCISTEINA,48
ACETILCISTEINA,60
LACTATO,0
URSODEOXICOLICO,4
REMIFENTANILO,30
LACTATO,12
TERLIPRESINA,7
CARBON,1
LORATADINA,2
ELECTROLITOS,20
CLORFENAMINA,6
METIL,30
CLORURO,27
METAMIZOL,13
NOREPINEFRINA,22
BETAMETASONA,6
ACICLOVIR,5
GENTAMICINA,5
MOSAPRIDA,4
PARACETAMOL,14
FLUMAZENIL,2
FIBRINOGENO,1
FOLICO,0
DILTIAZEM,3
POLIMIXINA/NEOMICINA/BACITRACINA,1
ATROPINA,6
CLORURO,0
CLONIDINA,2
LACTULOSA,0
DESFLURANO,48
METOCLOPRAMIDA,9
BENCILPENICILINA,6
VANCOMICINA,7
SERTRALINA,4
ESTREPTOQUINASA,2
FOSFATO,6
TRAMADOL,40
HIDRALAZINA,3
CLORANFENICOL,0
CLORURO,23
MULTIVITAMINICO,16
TOBRAMICINA,0
VECURONIO,5
DEXMEDETOMIDINA,0
ACETILCISTEINA,20
VERAPAMILO,1
TRIMETOPRIMA/SULFAMETOXAZOL,5
ZOLEDRONICO,1
CAFEINA,9
BENCILPENICILINA,3
BICARBONATO,28
CAFEINA,1
SULFATO,40
CAFEINA,10
CEFTAZIDIMA,0
BENCILPENICILINA,0
MOSAPRIDA,30
MOSAPRIDA,12
ATORVASTATINA,12
ASCORBICO,23
NOREPINEFRINA,14
SULFATO,24
ACETILSALICILICO,15
PROPOFOL,60
SUXAMETONIO,40
CISATRACURIO,40
AMPICILINA,7
FOSFOMICINA,3
CEFUROXIMA,4
LIDOCAINA/EPINEFRINA,40
DICLOFENACO,5
FOSFATO,8
BUMETANIDA,30
FOSFATO,12
DEXMEDETOMIDINA,50
METAMIZOL,120
HIDROCORTISONA,50
BUPIVACAINA,90
CLORANFENICOL,3
LEVOSIMENDAN,0
CEFALEXINA,1
DIAZEPAM,0
FIBRINOGENO,4
MOSAPRIDA,0
SUGAMMADEX,50
INSULINA,0
TRIMETOPRIM/SULFAMETOXAZOL,8
CEFUROXIMA,6
CLONIXINATO,1
CEFUROXIMA,8
METOTREXATE,3
CLONIXINATO,50
HIDRALAZINA,1
ROCURONIO,1
TERLIPRESINA,0
TRAMADOL,11
HALOPERIDOL,24
CEFUROXIMA,2
HIPROMELOSA,30
ACEITE,2
DILTIAZEM,5
TRAMADOL,8
CLONIXINATO,0
DEXAMETASONA,21
BICARBONATO,15
ISONIACIDA,3
KETOROLACO,50
INDOMETACINA,30
METILPREDNISOLONA,0
ADENOSINA,6
VECURONIO,6
TIGECICLINA,9
AMBROXOL,5
PARACETAMOL,23
ONDANSETRON,60
FOSFATO,19
EPINEFRINA,12
PARACETAMOL,70
OMEPRAZOL,7
METFORMINA,8
DEXAMETASONA,9
CLARITROMICINA,5
CEFTAZIDIMA/AVIBACTAM,0
VORICONAZOL,8
LACTATO,8
MULTIVITAMINAS,7
ROCURONIO,3
ALFA-METILDOPA,6
NOREPINEFRINA,60
TRIMETOPRIMA/SULFAMETOXAZOL,10
GLUCONATO,0
AMBROXOL,3
NISTATINA,3
ASCORBICO,18
ADENOSINA,8
ATROPINA,9
MULTIVITAMINICO,15
NOREPINEFRINA,17
INDOMETACINA,15
PARACETAMOL,13
ELECTROLITOS,15
BUDESONIDA,10
CEFUROXIMA,1
CLONAZEPAM,0
METOCLOPRAMIDA,16
HIERRO,1
ESMOLOL,15
GANCICLOVIR,0
CLORURO,36
MOSAPRIDA,5
FOSFATO,22
METRONIDAZOL,8
KETOROLACO,0
VITAMINA,4
AMBROXOL,6
ASCORBICO,16
AMBROXOL,2
LOPERAMIDA,9
MOSAPRIDA,10
CEFUROXIMA,9
PREGABALINA,3
SENOSIDOS,0
LOPERAMIDA,12
PROPOFOL,80
ROPIVACAINA,30
KETAMINA,0
BENCILPENICILINA,1
TRIMETOPRIMA/SULFAMETOXAZOL,12
PARECOXIB,2
METOTREXATE,0
PARACETAMOL,84
CLORFENAMINA,15
VITAMINA,0
METOPROLOL,20
NOREPINEFRINA,0
VANCOMICINA,9
MOSAPRIDA,15
GLUCONATO,8
HIERRO,2
FOSFATO,100
DEXMEDETOMIDINA,30
PARECOXIB,10
HALOPERIDOL,10
HALOPERIDOL,12
LIDOCAINA,200
HIALURONATO,5
METAMIZOL,12
GLIBENCLAMIDA,2
ATROPINA,20
ISONIACIDA,12
MORFINA,30
TRANEXAMICO,2
NALOXONA,1
ALPRAZOLAM,30
KETOROLACO,8
METAMIZOL,60
ATROPINA,15
PREGABALINA,10
DOBUTAMINA,10
SENOSIDOS,8
LACTATO,7
ACETILCISTEINA,4
ACETILCISTEINA,7
ACETILCISTEINA,2
TRIMETOPRIMA/SULFAMETOXAZOL,16
LACTATO,18
METAMIZOL,30
TRANEXAMICO,0
BENCILPENICILINA,8
KETOPROPOFENO,12
SALBUTAMOL,0
NAPROXENO,3
INDOMETACINA,8
ACICLOVIR,8
ACETILCISTEINA,3
VECURONIO,25
DOBUTAMINA,15
GENTAMICINA,4
LIDOCAINA/EPINEFRINA,50
TERLIPRESINA,16
NOREPINEFRINA,4
BICARBONATO,0
CEFOTAXIMA,7
ALOPURINOL,16
ISOSORBIDA,4
SULFATO,13
ISOSORBIDA,3
SUXAMETONIO,30
GABAPENTINA,20
DEXAMETASONA,40
SUGAMMADEX,30
ATROPINA,0
ESTREPTOQUINASA,0
FOSFOMICINA,1
CEFTAROLINA,4
FOSFOMICINA,6
FITOMENADIONA,7
METAMIZOL,11
MILRINONA,2
ACETILCISTEINA,17
DICLOFENACO,3
FOSFOMICINA,4
DICLOFENACO,2
BICARBONATO,48
ETAMBUTOL,0
GLUCOSA,7
KETOROLACO,80
CAFEINA,30
SULFATO,9
FLUCONAZOL,16
ISONIAZIDA,0
FOSFOMICINA,12
PRAZOSINA,10
AMINOFILINA,2
FOSFOMICINA,18
PARACETAMOL,18
CLORURO,22
FOSFOMICINA,2
ROPIVACAINA,5
SUXAMETONIO,20
OMEPRAZOL,40
ROCURONIO,70
SEVOFLURANO,0
CLORURO,200
SULFATO,200
FOSFATO,14
CLORFENAMINA,4
ACETILCISTEINA,14
POLIMIXIMA/NEOMICINA,4
POLIMIXIMA/NEOMICINA,2
SULFATO,19
ENOXAPARINA,8
ACENOCUMAROL,3
ROPIVACAINA,20
METAMIZOL,6
FOSFOMICINA,5
ACETAZOLAMIDA,10
OXITOCINA,20
METFORMINA,10
HALOPERIDOL,15
DIFENIDOL,20
GENTAMICINA,8
BICARBONATO,9
GANCICLOVIR,4
BICARBONATO,33
METOCLOPRAMIDA,17
METAMIZOL,25
ACETILCISTEINA,0
AMOXICILINA/CLAVULATO,9
INDOMETACINA,4
RIFAMPICINA,0
MISOPROSTOL,2
FLUCONAZOL,6
ASCORBICO,17
BUTILHIOSCINA,25
LEVETIRACETAM,20
AMBROXOL,18
FENTANILO,18
LORATADINA,0
AMINOFILINA,15
ROPIVACAINA,10
ACICLOVIR,14
NITROFURANTOINA,3
LEVOFLOXACINA,2
DOPAMINA,0
FOSFOMICINA,16
IMIPENEM,8
BETAMETASONA,2
LOPERAMIDA,0
FOSFOMICINA,24
ROCURONIO,16
FOSFOMICINA,0
SULFATO,60
CLORURO,60
FOSFATO,40
FOSFOMICINA,11
ENOXAPARINA,5
ENOXAPARINA,3
PARACETAMOL,22
ATORVASTATINA,30
CAPTOPRIL,30
ITRACONAZOL,7
METIL,2
INMUNOGLOBULINA,11
TERLIPRESINA,14
TETRACAINA,15
ROCURONIO,15
INMUNOGLOBULINA,10
FOSFOMICINA,8
LOPERAMIDA,18
TIAMINA,10
CLARITROMICINA,20
HIDROXIDO,1
ISOSORBIDA,6
DEXMEDETOMIDINA,100
SULFATO,7
ROCURONIO,40
METOTREXATE,4
MULTIVITAMINICO,20
METOTREXATE,6
SENOSIDOS,16
LOPERAMIDA,16
TRAMADOL,12
ROCURONIO,24
CEFTRIAXONA,5
AMIODARONA,50
DOPAMINA,12
PI,10
ROCURONIO,65
TOPIRAMATO,5
LIDOCAINA/EPINEFRINA,1
METAMIZOL,8
HEPARINA,10
CLARITROMICINA,6
COLISTIMETATO,4
PI,50
METILPREDNISOLONA,30
ACETILCISTEINA,12
ACETILCISTEINA,8
TOPIRAMATO,10
VECURONIO,8
LOPERAMIDA,24
EMTRICITABINA,1
COLISTIMETATO,2
NOREPINEFRINA,100
PI,30
MULTIVITAMINICO,30
FUROSEMIDA,40
VECURONIO,18
VECURONIO,12
VORICONAZOL,6
COLISTIMETATO,1
BECLOMETASONA,20
VASOPRESINA,25
DOBUTAMINA,25
HALOPERIDOL,18
NITROGLICERINA,10
ADENOSINA,40
AMIODARONA,40
MIDAZOLAM,30
MIDAZOLAM,50
ENOXAPARINA,10
OCTREOTIDA,5
METILPREDNISOLONA,8
CAFEINA,0
MIDAZOLAM,100
CLORURO,32
FOSFATO,26
FUROSEMIDA,33
METAMIZOL,28
NOREPINEFRINA,28
SULFATO,36
CLARITROMICINA,12
CLOPIDOGREL,7
INDOMETACINA,5
ASCORBICO,25
ISOSORBIDA,10
VECURONIO,16
MIDAZOLAM,20
NAPROXENO,1
ROCURONIO,25
AMIODARONA,25
TIAMINA,6
ENOXAPARINA,12
TERLIPRESINA,20
ENOXAPARINA,15
VASOPRESINA,16
NAPROXENO,10
LACTULOSA,4
MIDAZOLAM,80
ROCURONIO,78
FLUMAZENIL,5
GLUCONATO,9
ASCORBICO,24
LEUPRORELINA,1
MIDAZOLAM,60
MIDAZOLAM,70
MIDAZOLAM,40
VECURONIO,60
HEPARINA,15
FENTANILO,24
VECURONIO,32
VECURONIO,100
SERTRALINA,20
CAFEINA,5
METILPREDNISOLONA,15
METOTREXATE,2
VASOPRESINA,1
HIPROMELOSA,3
PARACETAMOL,36
PENTOXIFILINA,4
AMIKACINA,8
ENOXAPARINA,7
ATRACURIO,7
VASOPRESINA,12
AMOXICILINA/CLAVULATO,24
PROPOFOL,35
SERO,12
FUROSEMIDA,80
DOPAMINA,18
ROCURONIO,48
NEOSTIGMINA,30
VECURONIO,9
AMINOFILINA,8
VORICONAZOL,5
NIFEDIPINO,11
PROPOFOL,12
HIPROMELOSA,4
ADENOSINA,1
VECURONIO,200
SULFATO,1
MOSAPRIDA,1
POLIMIXINA/NEOMICINA/BACITRACINA,4
EFEDRINA,100
PI,80
PI,60
PI,100
CEFALEXINA,8
CAFEINA,4
FUROSEMIDA,70
SERO,20
NOREPINEFRINA,200
BUPRENORFINA,30
FUROSEMIDA,45
MEROPENEM,8
VORICONAZOL,3
INSULINA,10
ENOXAPARINA,6
PROPOFOL,25
GLUCONATO,40
SERO,9
IMIPENEM,2
DOBUTAMINA,0
BUPIVACAINA,30
URSODEOXICOLICO,12
PROPOFOL,70
BICARBONATO,75
FUROSEMIDA,100
COLISTIMETATO,3
VORICONAZOL,1
ESPIRONOLACTONA,6
VANCOMICINA,11
HEPARINA,20
ENOXAPARINA,14
NAPROXENO,12
AMIKACINA,10
CISATRACURIO,20
ISONIACIDA,1
ASCORBICO,60
POLIMIXINA/NEOMICINA/BACITRACINA,2
DEXMEDETOMIDINA,24
PROPOFOL,16
COLISTIMETATO,5
ACENOCUMAROL,5
METOCLOPRAMIDA,50
PENTOXIFILINA,6
KETOROLACO/TRAMADOL,4
ROCURONIO,60
FUROSEMIDA,60
SUCRALFATO,20
METOCLOPRAMIDA,40
ZOLEDRONICO,2
ACETAZOLAMIDA,20
COLECALCIFEROL,20
PARACETAMOL,9
ENOXAPARINA,16
VECURONIO,150
DOPAMINA,20
ATROPINA,7
FUROSEMIDA,34
HIDROCORTISONA,14
VANCOMICINA,12
LOPERAMIDA,50
SENOSIDOS,30
LOPERAMIDA,30
ALTEPLASA,1
TENECTEPLASA,1
HIDROXIPROPILMETILCELULOSA,5
NAPROXENO,8
COLISTIMETATO,6
LIDOCAINA,8
ACETAZOLAMIDA,5
SUCRALFATO,15
ACETILCISTEINA,10
MIDAZOLAM,25
PREGABALINA,20
HIERRO,5
DEXMEDETOMIDINA,25
ASCORBICO,50
HALOPERIDOL,13
FOSFOMICINA,13
FOSFOMICINA,20
RIFAMPICINA,16
SERTRALINA,6
BIPERIDENO,1
DEXMEDETOMIDINA,60
ACETILCISTEINA,30
SUCRALFATO,50
PROPRANOLOL,30
HIPROMELOSA,2
ELECTROLITOS,1
METAMIZOL,23
FUROSEMIDA,11
METOCLOPRAMIDA,14
EZETIMIBA/SIMVASTATINA,2
CARBOXIMETILCELULOSA,1
METAMIZOL,35
ACETILCISTEINA,40
HIPROMELOSA,5
CISATRACURIO,11
INSULINA,8
ERGONOVINA,0
DEXMEDETOMIDINA,45
DICLOFENACO,6
ITRACONAZOL,10
DEXMEDETOMIDINA,35
PROPOFOL,14
COLECALCIFEROL,1
MOSAPRIDA,50
DOPAMINA,15
ENOXAPARINA,20
ERTAPENEM,7
TIGECICLINA,6
COLECALCIFEROL,5
PILOCARPINA,5
PROPOFOL,7
BIPERIDENO,4
LACTULOSA,3
NALBUFINA,0
KETAMINA,25
COLCHICINA,3
METFORMINA,4
HIDRALAZINA,0
HIDRALAZINA,20
CICLOFOSFAMIDA,0
FOLICO,30
SENOSIDOS,50
SULFATO,300
FOSFATO,300
ASCORBICO,40
HIPROMELOSA,10
CISATRACURIO,15
METOTREXATE,1
NIFEDIPINO,25
PRAZOSINA,15
NOREPINEFRINA,36
COLECALCIFEROL,2
FOSFATO,9
PRAZOSINA,0
PIPERACILINA/TAZOBACTAM,3
AMBROXOL,4
SENOSIDOS,22
ESPIRONOLACTONA,20
SUCRALFATO,30
BECLOMETASONA,2
FOLICO,20
PREDNISONA,30
PROPOFOL,200
PRAZOSINA,9
RISPERIDONA,6
AMPICILINA,13
CISATRACURIO,30
HIDROXIPROPILMETILCELULOSA,0
SENOSIDOS,60
FOLICO,6
ACETILSALICILICO,30
BUPIVACAINA,2
CLOPIDOGREL,6
VERAPAMILO,2
ROCURONIO,35
FOSFATO,7
ATROPINA,25
EPINEFRINA,30
PROPOFOL,300
ACETILSALICILICO,0
ESPIRONOLACTONA,0
DEXAMETASONA,60
BUPIVACAINA,60
URSODEOXICOLICO,6
ENOXAPARINA,9
NIMODIPINO,2
GENTAMICINA,6
PROPOFOL,18
PROPOFOL,24
INSULINA,7
SENOSIDOS,40
LIQUIDO,5
METIL,15
TETRACAINA,10
VASOPRESINA,15
POLIMIXIMA/NEOMICINA,10
ERTAPENEM,10
POLIMIXIMA/NEOMICINA,1
NOREPINEFRINA,38
CLORFENAMINA,8
PROPOFOL,250
DEXAMETASONA,12
FOSFOMICINA,40
GABAPENTINA,30
FOSFOMICINA,32
CEFALOTINA,24
LEVOTIROXINA,30
LOPERAMIDA,1
ADENOSINA,4
ACETILSALICILICO,9
ACETILSALICILICO,7
ATORVASTATINA,11
METOCLOPRAMIDA,21
INDOMETACINA,6
PREDNISOLONA,1
AMIKACINA,20
FOSFOMICINA,48
PROPOFOL,36
FUROSEMIDA,35
CLOPIDOGREL,3
LACTATO,9
OXITOCINA,5
METOCLOPRAMIDA,8
IPRATROPIO,0
ASCORBICO,35
LIDOCAINA/EPINEFRINA,6
DEXMEDETOMIDINA,32
ACETILCOLINA,0
METOPROLOL,12
DESFLURANO,10
OXIMETAZOLINA,10
